"Observed","Shannon"
"CM.1",600,4.74842703147476
"CM.2",502,4.53692832747014
"CM.3",706,4.74575392772392
"CM",1836,6.71372153339098
"LD.1",1076,5.78378763204725
"LD.2",948,5.574293219537
"LD.3",1233,5.90630083497581
"LD",946,5.65940008905637
